role;championId;win;allies;enemies
TOP;92;1;799,38,163,267;31,154,136,523,201
JUNGLE;799;1;92,38,163,267;31,154,136,523,201
MIDDLE;38;1;92,799,163,267;31,154,136,523,201
BOTTOM;163;1;92,799,38,267;31,154,136,523,201
SUPPORT;267;1;92,799,38,163;31,154,136,523,201
TOP;31;0;154,136,523,201;92,799,38,163,267
JUNGLE;154;0;31,136,523,201;92,799,38,163,267
MIDDLE;136;0;31,154,523,201;92,799,38,163,267
BOTTOM;523;0;31,154,136,201;92,799,38,163,267
SUPPORT;201;0;31,154,136,523;92,799,38,163,267
TOP;17;0;5,901,45,350;150,131,39,67,117
JUNGLE;5;0;17,901,45,350;150,131,39,67,117
MIDDLE;901;0;17,5,45,350;150,131,39,67,117
BOTTOM;45;0;17,5,901,350;150,131,39,67,117
SUPPORT;350;0;17,5,901,45;150,131,39,67,117
TOP;150;1;131,39,67,117;17,5,901,45,350
JUNGLE;131;1;150,39,67,117;17,5,901,45,350
MIDDLE;39;1;150,131,67,117;17,5,901,45,350
BOTTOM;67;1;150,131,39,117;17,5,901,45,350
SUPPORT;117;1;150,131,39,67;17,5,901,45,350
TOP;875;1;62,142,145,147;106,238,7,236,267
JUNGLE;62;1;875,142,145,147;106,238,7,236,267
MIDDLE;142;1;875,62,145,147;106,238,7,236,267
BOTTOM;145;1;875,62,142,147;106,238,7,236,267
SUPPORT;147;1;875,62,142,145;106,238,7,236,267
TOP;106;0;238,7,236,267;875,62,142,145,147
JUNGLE;238;0;106,7,236,267;875,62,142,145,147
MIDDLE;7;0;106,238,236,267;875,62,142,145,147
BOTTOM;236;0;106,238,7,267;875,62,142,145,147
SUPPORT;267;0;106,238,7,236;875,62,142,145,147
TOP;904;1;106,518,145,875;36,887,777,236,267
JUNGLE;106;1;904,518,145,875;36,887,777,236,267
MIDDLE;518;1;904,106,145,875;36,887,777,236,267
BOTTOM;145;1;904,106,518,875;36,887,777,236,267
SUPPORT;875;1;904,106,518,145;36,887,777,236,267
TOP;36;0;887,777,236,267;904,106,518,145,875
JUNGLE;887;0;36,777,236,267;904,106,518,145,875
MIDDLE;777;0;36,887,236,267;904,106,518,145,875
BOTTOM;236;0;36,887,777,267;904,106,518,145,875
SUPPORT;267;0;36,887,777,236;904,106,518,145,875
TOP;36;1;104,1,51,43;150,20,157,901,99
JUNGLE;104;1;36,1,51,43;150,20,157,901,99
MIDDLE;1;1;36,104,51,43;150,20,157,901,99
BOTTOM;51;1;36,104,1,43;150,20,157,901,99
SUPPORT;43;1;36,104,1,51;150,20,157,901,99
TOP;150;0;20,157,901,99;36,104,1,51,43
JUNGLE;20;0;150,157,901,99;36,104,1,51,43
MIDDLE;157;0;150,20,901,99;36,104,1,51,43
BOTTOM;901;0;150,20,157,99;36,104,1,51,43
SUPPORT;99;0;150,20,157,901;36,104,1,51,43
TOP;14;0;141,157,51,201;54,60,103,202,43
JUNGLE;141;0;14,157,51,201;54,60,103,202,43
MIDDLE;157;0;14,141,51,201;54,60,103,202,43
BOTTOM;51;0;14,141,157,201;54,60,103,202,43
SUPPORT;201;0;14,141,157,51;54,60,103,202,43
TOP;54;1;60,103,202,43;14,141,157,51,201
JUNGLE;60;1;54,103,202,43;14,141,157,51,201
MIDDLE;103;1;54,60,202,43;14,141,157,51,201
BOTTOM;202;1;54,60,103,43;14,141,157,51,201
SUPPORT;43;1;54,60,103,202;14,141,157,51,201
TOP;127;1;91,518,51,99;799,154,893,42,143
JUNGLE;91;1;127,518,51,99;799,154,893,42,143
MIDDLE;518;1;127,91,51,99;799,154,893,42,143
BOTTOM;51;1;127,91,518,99;799,154,893,42,143
SUPPORT;99;1;127,91,518,51;799,154,893,42,143
TOP;799;0;154,893,42,143;127,91,518,51,99
JUNGLE;154;0;799,893,42,143;127,91,518,51,99
MIDDLE;893;0;799,154,42,143;127,91,518,51,99
BOTTOM;42;0;799,154,893,143;127,91,518,51,99
SUPPORT;143;0;799,154,893,42;127,91,518,51,99
TOP;240;0;102,910,80,127;897,950,711,360,412
JUNGLE;102;0;240,910,80,127;897,950,711,360,412
MIDDLE;910;0;240,102,80,127;897,950,711,360,412
BOTTOM;80;0;240,102,910,127;897,950,711,360,412
SUPPORT;127;0;240,102,910,80;897,950,711,360,412
TOP;897;1;950,711,360,412;240,102,910,80,127
JUNGLE;950;1;897,711,360,412;240,102,910,80,127
MIDDLE;711;1;897,950,360,412;240,102,910,80,127
BOTTOM;360;1;897,950,711,412;240,102,910,80,127
SUPPORT;412;1;897,950,711,360;240,102,910,80,127
MIDDLE;157;0;91,79,44,202;60,150,517,53,22
JUNGLE;91;0;157,79,44,202;60,150,517,53,22
TOP;79;0;157,91,44,202;60,150,517,53,22
SUPPORT;44;0;157,91,79,202;60,150,517,53,22
BOTTOM;202;0;157,91,79,44;60,150,517,53,22
JUNGLE;60;1;150,517,53,22;157,91,79,44,202
TOP;150;1;60,517,53,22;157,91,79,44,202
MIDDLE;517;1;60,150,53,22;157,91,79,44,202
SUPPORT;53;1;60,150,517,22;157,91,79,44,202
BOTTOM;22;1;60,150,517,53;157,91,79,44,202
TOP;85;1;106,45,145,201;86,19,103,236,53
JUNGLE;106;1;85,45,145,201;86,19,103,236,53
MIDDLE;45;1;85,106,145,201;86,19,103,236,53
BOTTOM;145;1;85,106,45,201;86,19,103,236,53
SUPPORT;201;1;85,106,45,145;86,19,103,236,53
TOP;86;0;19,103,236,53;85,106,45,145,201
JUNGLE;19;0;86,103,236,53;85,106,45,145,201
MIDDLE;103;0;86,19,236,53;85,106,45,145,201
BOTTOM;236;0;86,19,103,53;85,106,45,145,201
SUPPORT;53;0;86,19,103,236;85,106,45,145,201
TOP;10;1;120,133,29,350;122,28,5,51,910
JUNGLE;120;1;10,133,29,350;122,28,5,51,910
MIDDLE;133;1;10,120,29,350;122,28,5,51,910
BOTTOM;29;1;10,120,133,350;122,28,5,51,910
SUPPORT;350;1;10,120,133,29;122,28,5,51,910
TOP;122;0;28,5,51,910;10,120,133,29,350
JUNGLE;28;0;122,5,51,910;10,120,133,29,350
MIDDLE;5;0;122,28,51,910;10,120,133,29,350
BOTTOM;51;0;122,28,5,910;10,120,133,29,350
SUPPORT;910;0;122,28,5,51;10,120,133,29,350
TOP;8;1;91,800,222,37;516,233,38,22,201
JUNGLE;91;1;8,800,222,37;516,233,38,22,201
MIDDLE;800;1;8,91,222,37;516,233,38,22,201
BOTTOM;222;1;8,91,800,37;516,233,38,22,201
SUPPORT;37;1;8,91,800,222;516,233,38,22,201
TOP;516;0;233,38,22,201;8,91,800,222,37
JUNGLE;233;0;516,38,22,201;8,91,800,222,37
MIDDLE;38;0;516,233,22,201;8,91,800,222,37
BOTTOM;22;0;516,233,38,201;8,91,800,222,37
SUPPORT;201;0;516,233,38,22;8,91,800,222,37
TOP;14;1;60,103,360,111;23,233,112,29,117
JUNGLE;60;1;14,103,360,111;23,233,112,29,117
MIDDLE;103;1;14,60,360,111;23,233,112,29,117
BOTTOM;360;1;14,60,103,111;23,233,112,29,117
SUPPORT;111;1;14,60,103,360;23,233,112,29,117
TOP;23;0;233,112,29,117;14,60,103,360,111
JUNGLE;233;0;23,112,29,117;14,60,103,360,111
MIDDLE;112;0;23,233,29,117;14,60,103,360,111
BOTTOM;29;0;23,233,112,117;14,60,103,360,111
SUPPORT;117;0;23,233,112,29;14,60,103,360,111
TOP;122;1;64,96,145,78;41,233,161,51,57
JUNGLE;64;1;122,96,145,78;41,233,161,51,57
MIDDLE;96;1;122,64,145,78;41,233,161,51,57
BOTTOM;145;1;122,64,96,78;41,233,161,51,57
SUPPORT;78;1;122,64,96,145;41,233,161,51,57
TOP;41;0;233,161,51,57;122,64,96,145,78
JUNGLE;233;0;41,161,51,57;122,64,96,145,78
MIDDLE;161;0;41,233,51,57;122,64,96,145,78
BOTTOM;51;0;41,233,161,57;122,64,96,145,78
SUPPORT;57;0;41,233,161,51;122,64,96,145,78
TOP;98;0;106,234,18,26;887,141,45,51,412
JUNGLE;106;0;98,234,18,26;887,141,45,51,412
MIDDLE;234;0;98,106,18,26;887,141,45,51,412
BOTTOM;18;0;98,106,234,26;887,141,45,51,412
SUPPORT;26;0;98,106,234,18;887,141,45,51,412
TOP;887;1;141,45,51,412;98,106,234,18,26
JUNGLE;141;1;887,45,51,412;98,106,234,18,26
MIDDLE;45;1;887,141,51,412;98,106,234,18,26
BOTTOM;51;1;887,141,45,412;98,106,234,18,26
SUPPORT;412;1;887,141,45,51;98,106,234,18,26
TOP;98;1;56,13,202,60;14,32,161,110,40
JUNGLE;56;1;98,13,202,60;14,32,161,110,40
MIDDLE;13;1;98,56,202,60;14,32,161,110,40
BOTTOM;202;1;98,56,13,60;14,32,161,110,40
SUPPORT;60;1;98,56,13,202;14,32,161,110,40
TOP;14;0;32,161,110,40;98,56,13,202,60
JUNGLE;32;0;14,161,110,40;98,56,13,202,60
MIDDLE;161;0;14,32,110,40;98,56,13,202,60
BOTTOM;110;0;14,32,161,40;98,56,13,202,60
SUPPORT;40;0;14,32,161,110;98,56,13,202,60
TOP;80;1;203,84,895,40;110,56,268,119,16
JUNGLE;203;1;80,84,895,40;110,56,268,119,16
MIDDLE;84;1;80,203,895,40;110,56,268,119,16
BOTTOM;895;1;80,203,84,40;110,56,268,119,16
SUPPORT;40;1;80,203,84,895;110,56,268,119,16
TOP;110;0;56,268,119,16;80,203,84,895,40
JUNGLE;56;0;110,268,119,16;80,203,84,895,40
MIDDLE;268;0;110,56,119,16;80,203,84,895,40
BOTTOM;119;0;110,56,268,16;80,203,84,895,40
SUPPORT;16;0;110,56,268,119;80,203,84,895,40
TOP;10;0;131,103,22,50;110,56,901,29,117
JUNGLE;131;0;10,103,22,50;110,56,901,29,117
MIDDLE;103;0;10,131,22,50;110,56,901,29,117
BOTTOM;22;0;10,131,103,50;110,56,901,29,117
SUPPORT;50;0;10,131,103,22;110,56,901,29,117
TOP;110;1;56,901,29,117;10,131,103,22,50
JUNGLE;56;1;110,901,29,117;10,131,103,22,50
MIDDLE;901;1;110,56,29,117;10,131,103,22,50
BOTTOM;29;1;110,56,901,117;10,131,103,22,50
SUPPORT;117;1;110,56,901,29;10,131,103,22,50
TOP;106;0;9,45,18,22;82,131,55,21,161
JUNGLE;9;0;106,45,18,22;82,131,55,21,161
MIDDLE;45;0;106,9,18,22;82,131,55,21,161
BOTTOM;18;0;106,9,45,22;82,131,55,21,161
SUPPORT;22;0;106,9,45,18;82,131,55,21,161
TOP;82;1;131,55,21,161;106,9,45,18,22
JUNGLE;131;1;82,55,21,161;106,9,45,18,22
MIDDLE;55;1;82,131,21,161;106,9,45,18,22
BOTTOM;21;1;82,131,55,161;106,9,45,18,22
SUPPORT;161;1;82,131,55,21;106,9,45,18,22
TOP;58;1;234,800,81,235;238,799,136,21,147
JUNGLE;234;1;58,800,81,235;238,799,136,21,147
MIDDLE;800;1;58,234,81,235;238,799,136,21,147
BOTTOM;81;1;58,234,800,235;238,799,136,21,147
SUPPORT;235;1;58,234,800,81;238,799,136,21,147
TOP;238;0;799,136,21,147;58,234,800,81,235
JUNGLE;799;0;238,136,21,147;58,234,800,81,235
MIDDLE;136;0;238,799,21,147;58,234,800,81,235
BOTTOM;21;0;238,799,136,147;58,234,800,81,235
SUPPORT;147;0;238,799,136,21;58,234,800,81,235
TOP;223;0;33,38,50,25;98,131,61,236,37
JUNGLE;33;0;223,38,50,25;98,131,61,236,37
MIDDLE;38;0;223,33,50,25;98,131,61,236,37
BOTTOM;50;0;223,33,38,25;98,131,61,236,37
SUPPORT;25;0;223,33,38,50;98,131,61,236,37
TOP;98;1;131,61,236,37;223,33,38,50,25
JUNGLE;131;1;98,61,236,37;223,33,38,50,25
MIDDLE;61;1;98,131,236,37;223,33,38,50,25
BOTTOM;236;1;98,131,61,37;223,33,38,50,25
SUPPORT;37;1;98,131,61,236;223,33,38,50,25
TOP;10;1;799,142,81,267;86,107,4,145,117
JUNGLE;799;1;10,142,81,267;86,107,4,145,117
MIDDLE;142;1;10,799,81,267;86,107,4,145,117
BOTTOM;81;1;10,799,142,267;86,107,4,145,117
SUPPORT;267;1;10,799,142,81;86,107,4,145,117
TOP;86;0;107,4,145,117;10,799,142,81,267
JUNGLE;107;0;86,4,145,117;10,799,142,81,267
MIDDLE;4;0;86,107,145,117;10,799,142,81,267
BOTTOM;145;0;86,107,4,117;10,799,142,81,267
SUPPORT;117;0;86,107,4,145;10,799,142,81,267
TOP;122;1;876,238,523,267;904,64,18,67,117
JUNGLE;876;1;122,238,523,267;904,64,18,67,117
MIDDLE;238;1;122,876,523,267;904,64,18,67,117
BOTTOM;523;1;122,876,238,267;904,64,18,67,117
SUPPORT;267;1;122,876,238,523;904,64,18,67,117
TOP;904;0;64,18,67,117;122,876,238,523,267
JUNGLE;64;0;904,18,67,117;122,876,238,523,267
MIDDLE;18;0;904,64,67,117;122,876,238,523,267
BOTTOM;67;0;904,64,18,117;122,876,238,523,267
SUPPORT;117;0;904,64,18,67;122,876,238,523,267
TOP;14;0;245,800,21,111;27,121,99,901,235
JUNGLE;245;0;14,800,21,111;27,121,99,901,235
MIDDLE;800;0;14,245,21,111;27,121,99,901,235
BOTTOM;21;0;14,245,800,111;27,121,99,901,235
SUPPORT;111;0;14,245,800,21;27,121,99,901,235
TOP;27;1;121,99,901,235;14,245,800,21,111
JUNGLE;121;1;27,99,901,235;14,245,800,21,111
MIDDLE;99;1;27,121,901,235;14,245,800,21,111
BOTTOM;901;1;27,121,99,235;14,245,800,21,111
SUPPORT;235;1;27,121,99,901;14,245,800,21,111
TOP;62;0;141,84,22,201;36,233,711,119,43
JUNGLE;141;0;62,84,22,201;36,233,711,119,43
MIDDLE;84;0;62,141,22,201;36,233,711,119,43
BOTTOM;22;0;62,141,84,201;36,233,711,119,43
SUPPORT;201;0;62,141,84,22;36,233,711,119,43
TOP;36;1;233,711,119,43;62,141,84,22,201
JUNGLE;233;1;36,711,119,43;62,141,84,22,201
MIDDLE;711;1;36,233,119,43;62,141,84,22,201
BOTTOM;119;1;36,233,711,43;62,141,84,22,201
SUPPORT;43;1;36,233,711,119;62,141,84,22,201
TOP;83;0;233,112,804,350;122,904,101,145,44
JUNGLE;233;0;83,112,804,350;122,904,101,145,44
MIDDLE;112;0;83,233,804,350;122,904,101,145,44
BOTTOM;804;0;83,233,112,350;122,904,101,145,44
SUPPORT;350;0;83,233,112,804;122,904,101,145,44
TOP;122;1;904,101,145,44;83,233,112,804,350
JUNGLE;904;1;122,101,145,44;83,233,112,804,350
MIDDLE;101;1;122,904,145,44;83,233,112,804,350
BOTTOM;145;1;122,904,101,44;83,233,112,804,350
SUPPORT;44;1;122,904,101,145;83,233,112,804,350
TOP;14;0;143,84,21,267;110,904,90,901,902
JUNGLE;143;0;14,84,21,267;110,904,90,901,902
MIDDLE;84;0;14,143,21,267;110,904,90,901,902
BOTTOM;21;0;14,143,84,267;110,904,90,901,902
SUPPORT;267;0;14,143,84,21;110,904,90,901,902
TOP;110;1;904,90,901,902;14,143,84,21,267
JUNGLE;904;1;110,90,901,902;14,143,84,21,267
MIDDLE;90;1;110,904,901,902;14,143,84,21,267
BOTTOM;901;1;110,904,90,902;14,143,84,21,267
SUPPORT;902;1;110,904,90,901;14,143,84,21,267
TOP;223;1;64,68,42,888;58,254,800,804,43
JUNGLE;64;1;223,68,42,888;58,254,800,804,43
MIDDLE;68;1;223,64,42,888;58,254,800,804,43
BOTTOM;42;1;223,64,68,888;58,254,800,804,43
SUPPORT;888;1;223,64,68,42;58,254,800,804,43
TOP;58;0;254,800,804,43;223,64,68,42,888
JUNGLE;254;0;58,800,804,43;223,64,68,42,888
MIDDLE;800;0;58,254,804,43;223,64,68,42,888
BOTTOM;804;0;58,254,800,43;223,64,68,42,888
SUPPORT;43;0;58,254,800,804;223,64,68,42,888
TOP;150;1;102,90,18,32;54,234,517,14,111
JUNGLE;102;1;150,90,18,32;54,234,517,14,111
MIDDLE;90;1;150,102,18,32;54,234,517,14,111
BOTTOM;18;1;150,102,90,32;54,234,517,14,111
SUPPORT;32;1;150,102,90,18;54,234,517,14,111
TOP;54;0;234,517,14,111;150,102,90,18,32
JUNGLE;234;0;54,517,14,111;150,102,90,18,32
MIDDLE;517;0;54,234,14,111;150,102,90,18,32
BOTTOM;14;0;54,234,517,111;150,102,90,18,32
SUPPORT;111;0;54,234,517,14;150,102,90,18,32
TOP;2;1;154,157,236,99;875,120,245,29,267
JUNGLE;154;1;2,157,236,99;875,120,245,29,267
MIDDLE;157;1;2,154,236,99;875,120,245,29,267
BOTTOM;236;1;2,154,157,99;875,120,245,29,267
SUPPORT;99;1;2,154,157,236;875,120,245,29,267
TOP;875;0;120,245,29,267;2,154,157,236,99
JUNGLE;120;0;875,245,29,267;2,154,157,236,99
MIDDLE;245;0;875,120,29,267;2,154,157,236,99
BOTTOM;29;0;875,120,245,267;2,154,157,236,99
SUPPORT;267;0;875,120,245,29;2,154,157,236,99
TOP;266;0;11,711,81,117;58,238,34,145,902
JUNGLE;11;0;266,711,81,117;58,238,34,145,902
MIDDLE;711;0;266,11,81,117;58,238,34,145,902
BOTTOM;81;0;266,11,711,117;58,238,34,145,902
SUPPORT;117;0;266,11,711,81;58,238,34,145,902
TOP;58;1;238,34,145,902;266,11,711,81,117
JUNGLE;238;1;58,34,145,902;266,11,711,81,117
MIDDLE;34;1;58,238,145,902;266,11,711,81,117
BOTTOM;145;1;58,238,34,902;266,11,711,81,117
SUPPORT;902;1;58,238,34,145;266,11,711,81,117
TOP;126;1;30,157,81,12;82,63,893,21,412
JUNGLE;30;1;126,157,81,12;82,63,893,21,412
MIDDLE;157;1;126,30,81,12;82,63,893,21,412
BOTTOM;81;1;126,30,157,12;82,63,893,21,412
SUPPORT;12;1;126,30,157,81;82,63,893,21,412
TOP;82;0;63,893,21,412;126,30,157,81,12
JUNGLE;63;0;82,893,21,412;126,30,157,81,12
MIDDLE;893;0;82,63,21,412;126,30,157,81,12
BOTTOM;21;0;82,63,893,412;126,30,157,81,12
SUPPORT;412;0;82,63,893,21;126,30,157,81,12
TOP;516;0;141,127,51,902;39,102,142,360,80
JUNGLE;141;0;516,127,51,902;39,102,142,360,80
MIDDLE;127;0;516,141,51,902;39,102,142,360,80
BOTTOM;51;0;516,141,127,902;39,102,142,360,80
SUPPORT;902;0;516,141,127,51;39,102,142,360,80
TOP;39;1;102,142,360,80;516,141,127,51,902
JUNGLE;102;1;39,142,360,80;516,141,127,51,902
MIDDLE;142;1;39,102,360,80;516,141,127,51,902
BOTTOM;360;1;39,102,142,80;516,141,127,51,902
SUPPORT;80;1;39,102,142,360;516,141,127,51,902
TOP;14;1;517,238,119,40;157,54,131,22,63
JUNGLE;517;1;14,238,119,40;157,54,131,22,63
MIDDLE;238;1;14,517,119,40;157,54,131,22,63
BOTTOM;119;1;14,517,238,40;157,54,131,22,63
SUPPORT;40;1;14,517,238,119;157,54,131,22,63
TOP;157;0;54,131,22,63;14,517,238,119,40
JUNGLE;54;0;157,131,22,63;14,517,238,119,40
MIDDLE;131;0;157,54,22,63;14,517,238,119,40
BOTTOM;22;0;157,54,131,63;14,517,238,119,40
SUPPORT;63;0;157,54,131,22;14,517,238,119,40
TOP;36;1;246,136,901,117;54,56,45,18,37
JUNGLE;246;1;36,136,901,117;54,56,45,18,37
MIDDLE;136;1;36,246,901,117;54,56,45,18,37
BOTTOM;901;1;36,246,136,117;54,56,45,18,37
SUPPORT;117;1;36,246,136,901;54,56,45,18,37
TOP;54;0;56,45,18,37;36,246,136,901,117
JUNGLE;56;0;54,45,18,37;36,246,136,901,117
MIDDLE;45;0;54,56,18,37;36,246,136,901,117
BOTTOM;18;0;54,56,45,37;36,246,136,901,117
SUPPORT;37;0;54,56,45,18;36,246,136,901,117
TOP;875;1;131,3,51,267;39,107,518,202,53
JUNGLE;131;1;875,3,51,267;39,107,518,202,53
MIDDLE;3;1;875,131,51,267;39,107,518,202,53
BOTTOM;51;1;875,131,3,267;39,107,518,202,53
SUPPORT;267;1;875,131,3,51;39,107,518,202,53
TOP;39;0;107,518,202,53;875,131,3,51,267
JUNGLE;107;0;39,518,202,53;875,131,3,51,267
MIDDLE;518;0;39,107,202,53;875,131,3,51,267
BOTTOM;202;0;39,107,518,53;875,131,3,51,267
SUPPORT;53;0;39,107,518,202;875,131,3,51,267
TOP;39;0;35,142,202,12;157,126,517,895,89
JUNGLE;35;0;39,142,202,12;157,126,517,895,89
MIDDLE;142;0;39,35,202,12;157,126,517,895,89
BOTTOM;202;0;39,35,142,12;157,126,517,895,89
SUPPORT;12;0;39,35,142,202;157,126,517,895,89
TOP;157;1;126,517,895,89;39,35,142,202,12
JUNGLE;126;1;157,517,895,89;39,35,142,202,12
MIDDLE;517;1;157,126,895,89;39,35,142,202,12
BOTTOM;895;1;157,126,517,89;39,35,142,202,12
SUPPORT;89;1;157,126,517,895;39,35,142,202,12
TOP;31;1;11,136,29,25;516,233,112,901,90
JUNGLE;11;1;31,136,29,25;516,233,112,901,90
MIDDLE;136;1;31,11,29,25;516,233,112,901,90
BOTTOM;29;1;31,11,136,25;516,233,112,901,90
SUPPORT;25;1;31,11,136,29;516,233,112,901,90
TOP;516;0;233,112,901,90;31,11,136,29,25
JUNGLE;233;0;516,112,901,90;31,11,136,29,25
MIDDLE;112;0;516,233,901,90;31,11,136,29,25
BOTTOM;901;0;516,233,112,90;31,11,136,29,25
SUPPORT;90;0;516,233,112,901;31,11,136,29,25
TOP;10;0;107,90,145,350;110,121,142,22,902
JUNGLE;107;0;10,90,145,350;110,121,142,22,902
MIDDLE;90;0;10,107,145,350;110,121,142,22,902
BOTTOM;145;0;10,107,90,350;110,121,142,22,902
SUPPORT;350;0;10,107,90,145;110,121,142,22,902
TOP;110;1;121,142,22,902;10,107,90,145,350
JUNGLE;121;1;110,142,22,902;10,107,90,145,350
MIDDLE;142;1;110,121,22,902;10,107,90,145,350
BOTTOM;22;1;110,121,142,902;10,107,90,145,350
SUPPORT;902;1;110,121,142,22;10,107,90,145,350
TOP;875;1;24,110,22,43;31,107,45,15,201
JUNGLE;24;1;875,110,22,43;31,107,45,15,201
MIDDLE;110;1;875,24,22,43;31,107,45,15,201
BOTTOM;22;1;875,24,110,43;31,107,45,15,201
SUPPORT;43;1;875,24,110,22;31,107,45,15,201
TOP;31;0;107,45,15,201;875,24,110,22,43
JUNGLE;107;0;31,45,15,201;875,24,110,22,43
MIDDLE;45;0;31,107,15,201;875,24,110,22,43
BOTTOM;15;0;31,107,45,201;875,24,110,22,43
SUPPORT;201;0;31,107,45,15;875,24,110,22,43
TOP;75;1;102,90,804,201;50,234,8,15,117
JUNGLE;102;1;75,90,804,201;50,234,8,15,117
MIDDLE;90;1;75,102,804,201;50,234,8,15,117
BOTTOM;804;1;75,102,90,201;50,234,8,15,117
SUPPORT;201;1;75,102,90,804;50,234,8,15,117
TOP;50;0;234,8,15,117;75,102,90,804,201
JUNGLE;234;0;50,8,15,117;75,102,90,804,201
MIDDLE;8;0;50,234,15,117;75,102,90,804,201
BOTTOM;15;0;50,234,8,117;75,102,90,804,201
SUPPORT;117;0;50,234,8,15;75,102,90,804,201
TOP;133;0;20,1,236,888;41,131,157,901,201
JUNGLE;20;0;133,1,236,888;41,131,157,901,201
MIDDLE;1;0;133,20,236,888;41,131,157,901,201
BOTTOM;236;0;133,20,1,888;41,131,157,901,201
SUPPORT;888;0;133,20,1,236;41,131,157,901,201
TOP;41;1;131,157,901,201;133,20,1,236,888
JUNGLE;131;1;41,157,901,201;133,20,1,236,888
MIDDLE;157;1;41,131,901,201;133,20,1,236,888
BOTTOM;901;1;41,131,157,201;133,20,1,236,888
SUPPORT;201;1;41,131,157,901;133,20,1,236,888
TOP;777;1;120,38,147,37;54,74,90,51,201
JUNGLE;120;1;777,38,147,37;54,74,90,51,201
MIDDLE;38;1;777,120,147,37;54,74,90,51,201
BOTTOM;147;1;777,120,38,37;54,74,90,51,201
SUPPORT;37;1;777,120,38,147;54,74,90,51,201
TOP;54;0;74,90,51,201;777,120,38,147,37
JUNGLE;74;0;54,90,51,201;777,120,38,147,37
MIDDLE;90;0;54,74,51,201;777,120,38,147,37
BOTTOM;51;0;54,74,90,201;777,120,38,147,37
SUPPORT;201;0;54,74,90,51;777,120,38,147,37
TOP;14;1;56,99,21,89;516,20,38,67,267
JUNGLE;56;1;14,99,21,89;516,20,38,67,267
MIDDLE;99;1;14,56,21,89;516,20,38,67,267
BOTTOM;21;1;14,56,99,89;516,20,38,67,267
SUPPORT;89;1;14,56,99,21;516,20,38,67,267
TOP;516;0;20,38,67,267;14,56,99,21,89
JUNGLE;20;0;516,38,67,267;14,56,99,21,89
MIDDLE;38;0;516,20,67,267;14,56,99,21,89
BOTTOM;67;0;516,20,38,267;14,56,99,21,89
SUPPORT;267;0;516,20,38,67;14,56,99,21,89
TOP;31;1;82,136,21,12;106,36,90,96,117
JUNGLE;82;1;31,136,21,12;106,36,90,96,117
MIDDLE;136;1;31,82,21,12;106,36,90,96,117
BOTTOM;21;1;31,82,136,12;106,36,90,96,117
SUPPORT;12;1;31,82,136,21;106,36,90,96,117
TOP;106;0;36,90,96,117;31,82,136,21,12
JUNGLE;36;0;106,90,96,117;31,82,136,21,12
MIDDLE;90;0;106,36,96,117;31,82,136,21,12
BOTTOM;96;0;106,36,90,117;31,82,136,21,12
SUPPORT;117;0;106,36,90,96;31,82,136,21,12
TOP;157;1;238,45,21,412;98,35,127,18,115
JUNGLE;238;1;157,45,21,412;98,35,127,18,115
MIDDLE;45;1;157,238,21,412;98,35,127,18,115
BOTTOM;21;1;157,238,45,412;98,35,127,18,115
SUPPORT;412;1;157,238,45,21;98,35,127,18,115
TOP;98;0;35,127,18,115;157,238,45,21,412
JUNGLE;35;0;98,127,18,115;157,238,45,21,412
MIDDLE;127;0;98,35,18,115;157,238,45,21,412
BOTTOM;18;0;98,35,127,115;157,238,45,21,412
SUPPORT;115;0;98,35,127,18;157,238,45,21,412
TOP;114;1;102,131,21,526;799,517,112,901,902
JUNGLE;102;1;114,131,21,526;799,517,112,901,902
MIDDLE;131;1;114,102,21,526;799,517,112,901,902
BOTTOM;21;1;114,102,131,526;799,517,112,901,902
SUPPORT;526;1;114,102,131,21;799,517,112,901,902
TOP;799;0;517,112,901,902;114,102,131,21,526
JUNGLE;517;0;799,112,901,902;114,102,131,21,526
MIDDLE;112;0;799,517,901,902;114,102,131,21,526
BOTTOM;901;0;799,517,112,902;114,102,131,21,526
SUPPORT;902;0;799,517,112,901;114,102,131,21,526
TOP;122;0;233,157,221,117;86,120,75,901,74
JUNGLE;233;0;122,157,221,117;86,120,75,901,74
MIDDLE;157;0;122,233,221,117;86,120,75,901,74
BOTTOM;221;0;122,233,157,117;86,120,75,901,74
SUPPORT;117;0;122,233,157,221;86,120,75,901,74
TOP;86;1;120,75,901,74;122,233,157,221,117
JUNGLE;120;1;86,75,901,74;122,233,157,221,117
MIDDLE;75;1;86,120,901,74;122,233,157,221,117
BOTTOM;901;1;86,120,75,74;122,233,157,221,117
SUPPORT;74;1;86,120,75,901;122,233,157,221,117
TOP;10;1;121,103,81,57;516,799,84,222,235
JUNGLE;121;1;10,103,81,57;516,799,84,222,235
MIDDLE;103;1;10,121,81,57;516,799,84,222,235
BOTTOM;81;1;10,121,103,57;516,799,84,222,235
SUPPORT;57;1;10,121,103,81;516,799,84,222,235
TOP;516;0;799,84,222,235;10,121,103,81,57
JUNGLE;799;0;516,84,222,235;10,121,103,81,57
MIDDLE;84;0;516,799,222,235;10,121,103,81,57
BOTTOM;222;0;516,799,84,235;10,121,103,81,57
SUPPORT;235;0;516,799,84,222;10,121,103,81,57
TOP;54;1;107,910,119,412;14,121,163,29,432
JUNGLE;107;1;54,910,119,412;14,121,163,29,432
MIDDLE;910;1;54,107,119,412;14,121,163,29,432
BOTTOM;119;1;54,107,910,412;14,121,163,29,432
SUPPORT;412;1;54,107,910,119;14,121,163,29,432
TOP;14;0;121,163,29,432;54,107,910,119,412
JUNGLE;121;0;14,163,29,432;54,107,910,119,412
MIDDLE;163;0;14,121,29,432;54,107,910,119,412
BOTTOM;29;0;14,121,163,432;54,107,910,119,412
SUPPORT;432;0;14,121,163,29;54,107,910,119,412
TOP;799;1;79,112,51,902;78,254,45,145,111
JUNGLE;79;1;799,112,51,902;78,254,45,145,111
MIDDLE;112;1;799,79,51,902;78,254,45,145,111
BOTTOM;51;1;799,79,112,902;78,254,45,145,111
SUPPORT;902;1;799,79,112,51;78,254,45,145,111
TOP;78;0;254,45,145,111;799,79,112,51,902
JUNGLE;254;0;78,45,145,111;799,79,112,51,902
MIDDLE;45;0;78,254,145,111;799,79,112,51,902
BOTTOM;145;0;78,254,45,111;799,79,112,51,902
SUPPORT;111;0;78,254,45,145;799,79,112,51,902
TOP;83;1;799,45,63,101;9,32,105,22,80
JUNGLE;799;1;83,45,63,101;9,32,105,22,80
MIDDLE;45;1;83,799,63,101;9,32,105,22,80
BOTTOM;63;1;83,799,45,101;9,32,105,22,80
SUPPORT;101;1;83,799,45,63;9,32,105,22,80
TOP;9;0;32,105,22,80;83,799,45,63,101
JUNGLE;32;0;9,105,22,80;83,799,45,63,101
MIDDLE;105;0;9,32,22,80;83,799,45,63,101
BOTTOM;22;0;9,32,105,80;83,799,45,63,101
SUPPORT;80;0;9,32,105,22;83,799,45,63,101
TOP;875;1;59,38,67,12;58,24,136,96,63
JUNGLE;59;1;875,38,67,12;58,24,136,96,63
MIDDLE;38;1;875,59,67,12;58,24,136,96,63
BOTTOM;67;1;875,59,38,12;58,24,136,96,63
SUPPORT;12;1;875,59,38,67;58,24,136,96,63
TOP;58;0;24,136,96,63;875,59,38,67,12
JUNGLE;24;0;58,136,96,63;875,59,38,67,12
MIDDLE;136;0;58,24,96,63;875,59,38,67,12
BOTTOM;96;0;58,24,136,63;875,59,38,67,12
SUPPORT;63;0;58,24,136,96;875,59,38,67,12
TOP;24;0;904,127,29,117;67,105,142,119,526
JUNGLE;904;0;24,127,29,117;67,105,142,119,526
MIDDLE;127;0;24,904,29,117;67,105,142,119,526
BOTTOM;29;0;24,904,127,117;67,105,142,119,526
SUPPORT;117;0;24,904,127,29;67,105,142,119,526
TOP;67;1;105,142,119,526;24,904,127,29,117
JUNGLE;105;1;67,142,119,526;24,904,127,29,117
MIDDLE;142;1;67,105,119,526;24,904,127,29,117
BOTTOM;119;1;67,105,142,526;24,904,127,29,117
SUPPORT;526;1;67,105,142,119;24,904,127,29,117
TOP;887;0;131,101,901,267;127,106,3,15,37
JUNGLE;131;0;887,101,901,267;127,106,3,15,37
MIDDLE;101;0;887,131,901,267;127,106,3,15,37
BOTTOM;901;0;887,131,101,267;127,106,3,15,37
SUPPORT;267;0;887,131,101,901;127,106,3,15,37
TOP;127;1;106,3,15,37;887,131,101,901,267
JUNGLE;106;1;127,3,15,37;887,131,101,901,267
MIDDLE;3;1;127,106,15,37;887,131,101,901,267
BOTTOM;15;1;127,106,3,37;887,131,101,901,267
SUPPORT;37;1;127,106,3,15;887,131,101,901,267
TOP;516;0;33,893,145,57;887,141,3,523,526
JUNGLE;33;0;516,893,145,57;887,141,3,523,526
MIDDLE;893;0;516,33,145,57;887,141,3,523,526
BOTTOM;145;0;516,33,893,57;887,141,3,523,526
SUPPORT;57;0;516,33,893,145;887,141,3,523,526
TOP;887;1;141,3,523,526;516,33,893,145,57
JUNGLE;141;1;887,3,523,526;516,33,893,145,57
MIDDLE;3;1;887,141,523,526;516,33,893,145,57
BOTTOM;523;1;887,141,3,526;516,33,893,145,57
SUPPORT;526;1;887,141,3,523;516,33,893,145,57
TOP;114;0;24,55,236,111;122,32,893,202,26
JUNGLE;24;0;114,55,236,111;122,32,893,202,26
MIDDLE;55;0;114,24,236,111;122,32,893,202,26
BOTTOM;236;0;114,24,55,111;122,32,893,202,26
SUPPORT;111;0;114,24,55,236;122,32,893,202,26
TOP;122;1;32,893,202,26;114,24,55,236,111
JUNGLE;32;1;122,893,202,26;114,24,55,236,111
MIDDLE;893;1;122,32,202,26;114,24,55,236,111
BOTTOM;202;1;122,32,893,26;114,24,55,236,111
SUPPORT;26;1;122,32,893,202;114,24,55,236,111
TOP;887;0;59,14,901,412;48,233,112,360,111
JUNGLE;59;0;887,14,901,412;48,233,112,360,111
MIDDLE;14;0;887,59,901,412;48,233,112,360,111
BOTTOM;901;0;887,59,14,412;48,233,112,360,111
SUPPORT;412;0;887,59,14,901;48,233,112,360,111
TOP;48;1;233,112,360,111;887,59,14,901,412
JUNGLE;233;1;48,112,360,111;887,59,14,901,412
MIDDLE;112;1;48,233,360,111;887,59,14,901,412
BOTTOM;360;1;48,233,112,111;887,59,14,901,412
SUPPORT;111;1;48,233,112,360;887,59,14,901,412
TOP;112;0;35,99,15,201;14,81,134,51,25
JUNGLE;35;0;112,99,15,201;14,81,134,51,25
MIDDLE;99;0;112,35,15,201;14,81,134,51,25
BOTTOM;15;0;112,35,99,201;14,81,134,51,25
SUPPORT;201;0;112,35,99,15;14,81,134,51,25
TOP;14;1;81,134,51,25;112,35,99,15,201
JUNGLE;81;1;14,134,51,25;112,35,99,15,201
MIDDLE;134;1;14,81,51,25;112,35,99,15,201
BOTTOM;51;1;14,81,134,25;112,35,99,15,201
SUPPORT;25;1;14,81,134,51;112,35,99,15,201
TOP;85;0;203,90,145,902;266,98,69,901,267
JUNGLE;203;0;85,90,145,902;266,98,69,901,267
MIDDLE;90;0;85,203,145,902;266,98,69,901,267
BOTTOM;145;0;85,203,90,902;266,98,69,901,267
SUPPORT;902;0;85,203,90,145;266,98,69,901,267
TOP;266;1;98,69,901,267;85,203,90,145,902
JUNGLE;98;1;266,69,901,267;85,203,90,145,902
MIDDLE;69;1;266,98,901,267;85,203,90,145,902
BOTTOM;901;1;266,98,69,267;85,203,90,145,902
SUPPORT;267;1;266,98,69,901;85,203,90,145,902
TOP;10;0;234,43,202,89;54,245,240,55,497
JUNGLE;234;0;10,43,202,89;54,245,240,55,497
MIDDLE;43;0;10,234,202,89;54,245,240,55,497
BOTTOM;202;0;10,234,43,89;54,245,240,55,497
SUPPORT;89;0;10,234,43,202;54,245,240,55,497
TOP;54;1;245,240,55,497;10,234,43,202,89
JUNGLE;245;1;54,240,55,497;10,234,43,202,89
MIDDLE;240;1;54,245,55,497;10,234,43,202,89
BOTTOM;55;1;54,245,240,497;10,234,43,202,89
SUPPORT;497;1;54,245,240,55;10,234,43,202,89
TOP;887;1;950,910,67,35;23,799,157,895,518
JUNGLE;950;1;887,910,67,35;23,799,157,895,518
MIDDLE;910;1;887,950,67,35;23,799,157,895,518
BOTTOM;67;1;887,950,910,35;23,799,157,895,518
SUPPORT;35;1;887,950,910,67;23,799,157,895,518
TOP;23;0;799,157,895,518;887,950,910,67,35
JUNGLE;799;0;23,157,895,518;887,950,910,67,35
MIDDLE;157;0;23,799,895,518;887,950,910,67,35
BOTTOM;895;0;23,799,157,518;887,950,910,67,35
SUPPORT;518;0;23,799,157,895;887,950,910,67,35
TOP;39;0;102,157,81,40;223,28,517,222,902
JUNGLE;102;0;39,157,81,40;223,28,517,222,902
MIDDLE;157;0;39,102,81,40;223,28,517,222,902
BOTTOM;81;0;39,102,157,40;223,28,517,222,902
SUPPORT;40;0;39,102,157,81;223,28,517,222,902
TOP;223;1;28,517,222,902;39,102,157,81,40
JUNGLE;28;1;223,517,222,902;39,102,157,81,40
MIDDLE;517;1;223,28,222,902;39,102,157,81,40
BOTTOM;222;1;223,28,517,902;39,102,157,81,40
SUPPORT;902;1;223,28,517,222;39,102,157,81,40
TOP;14;0;120,1,22,40;875,56,99,901,43
JUNGLE;120;0;14,1,22,40;875,56,99,901,43
MIDDLE;1;0;14,120,22,40;875,56,99,901,43
BOTTOM;22;0;14,120,1,40;875,56,99,901,43
SUPPORT;40;0;14,120,1,22;875,56,99,901,43
TOP;875;1;56,99,901,43;14,120,1,22,40
JUNGLE;56;1;875,99,901,43;14,120,1,22,40
MIDDLE;99;1;875,56,901,43;14,120,1,22,40
BOTTOM;901;1;875,56,99,43;14,120,1,22,40
SUPPORT;43;1;875,56,99,901;14,120,1,22,40
TOP;904;0;77,45,110,902;75,233,34,81,267
JUNGLE;77;0;904,45,110,902;75,233,34,81,267
MIDDLE;45;0;904,77,110,902;75,233,34,81,267
BOTTOM;110;0;904,77,45,902;75,233,34,81,267
SUPPORT;902;0;904,77,45,110;75,233,34,81,267
TOP;75;1;233,34,81,267;904,77,45,110,902
JUNGLE;233;1;75,34,81,267;904,77,45,110,902
MIDDLE;34;1;75,233,81,267;904,77,45,110,902
BOTTOM;81;1;75,233,34,267;904,77,45,110,902
SUPPORT;267;1;75,233,34,81;904,77,45,110,902
TOP;77;0;91,517,18,201;58,121,31,901,267
JUNGLE;91;0;77,517,18,201;58,121,31,901,267
MIDDLE;517;0;77,91,18,201;58,121,31,901,267
BOTTOM;18;0;77,91,517,201;58,121,31,901,267
SUPPORT;201;0;77,91,517,18;58,121,31,901,267
TOP;58;1;121,31,901,267;77,91,517,18,201
JUNGLE;121;1;58,31,901,267;77,91,517,18,201
MIDDLE;31;1;58,121,901,267;77,91,517,18,201
BOTTOM;901;1;58,121,31,267;77,91,517,18,201
SUPPORT;267;1;58,121,31,901;77,91,517,18,201
TOP;10;1;233,103,67,350;31,30,38,15,40
JUNGLE;233;1;10,103,67,350;31,30,38,15,40
MIDDLE;103;1;10,233,67,350;31,30,38,15,40
BOTTOM;67;1;10,233,103,350;31,30,38,15,40
SUPPORT;350;1;10,233,103,67;31,30,38,15,40
TOP;31;0;30,38,15,40;10,233,103,67,350
JUNGLE;30;0;31,38,15,40;10,233,103,67,350
MIDDLE;38;0;31,30,15,40;10,233,103,67,350
BOTTOM;15;0;31,30,38,40;10,233,103,67,350
SUPPORT;40;0;31,30,38,15;10,233,103,67,350
TOP;67;0;98,202,145,902;39,131,157,222,37
JUNGLE;98;0;67,202,145,902;39,131,157,222,37
MIDDLE;202;0;67,98,145,902;39,131,157,222,37
BOTTOM;145;0;67,98,202,902;39,131,157,222,37
SUPPORT;902;0;67,98,202,145;39,131,157,222,37
TOP;39;1;131,157,222,37;67,98,202,145,902
JUNGLE;131;1;39,157,222,37;67,98,202,145,902
MIDDLE;157;1;39,131,222,37;67,98,202,145,902
BOTTOM;222;1;39,131,157,37;67,98,202,145,902
SUPPORT;37;1;39,131,157,222;67,98,202,145,902
TOP;254;0;56,61,18,80;92,54,4,21,147
JUNGLE;56;0;254,61,18,80;92,54,4,21,147
MIDDLE;61;0;254,56,18,80;92,54,4,21,147
BOTTOM;18;0;254,56,61,80;92,54,4,21,147
SUPPORT;80;0;254,56,61,18;92,54,4,21,147
TOP;92;1;54,4,21,147;254,56,61,18,80
JUNGLE;54;1;92,4,21,147;254,56,61,18,80
MIDDLE;4;1;92,54,21,147;254,56,61,18,80
BOTTOM;21;1;92,54,4,147;254,56,61,18,80
SUPPORT;147;1;92,54,4,21;254,56,61,18,80
TOP;54;0;76,91,235,267;904,56,238,22,16
JUNGLE;76;0;54,91,235,267;904,56,238,22,16
MIDDLE;91;0;54,76,235,267;904,56,238,22,16
BOTTOM;235;0;54,76,91,267;904,56,238,22,16
SUPPORT;267;0;54,76,91,235;904,56,238,22,16
TOP;904;1;56,238,22,16;54,76,91,235,267
JUNGLE;56;1;904,238,22,16;54,76,91,235,267
MIDDLE;238;1;904,56,22,16;54,76,91,235,267
BOTTOM;22;1;904,56,238,16;54,76,91,235,267
SUPPORT;16;1;904,56,238,22;54,76,91,235,267
TOP;157;0;56,38,21,267;79,75,777,99,22
JUNGLE;56;0;157,38,21,267;79,75,777,99,22
MIDDLE;38;0;157,56,21,267;79,75,777,99,22
BOTTOM;21;0;157,56,38,267;79,75,777,99,22
SUPPORT;267;0;157,56,38,21;79,75,777,99,22
TOP;79;1;75,777,99,22;157,56,38,21,267
JUNGLE;75;1;79,777,99,22;157,56,38,21,267
MIDDLE;777;1;79,75,99,22;157,56,38,21,267
BOTTOM;99;1;79,75,777,22;157,56,38,21,267
SUPPORT;22;1;79,75,777,99;157,56,38,21,267
TOP;2;0;238,99,895,16;266,91,112,51,518
JUNGLE;238;0;2,99,895,16;266,91,112,51,518
MIDDLE;99;0;2,238,895,16;266,91,112,51,518
BOTTOM;895;0;2,238,99,16;266,91,112,51,518
SUPPORT;16;0;2,238,99,895;266,91,112,51,518
TOP;266;1;91,112,51,518;2,238,99,895,16
JUNGLE;91;1;266,112,51,518;2,238,99,895,16
MIDDLE;112;1;266,91,51,518;2,238,99,895,16
BOTTOM;51;1;266,91,112,518;2,238,99,895,16
SUPPORT;518;1;266,91,112,51;2,238,99,895,16
TOP;103;1;876,39,804,11;266,234,90,800,350
JUNGLE;876;1;103,39,804,11;266,234,90,800,350
MIDDLE;39;1;103,876,804,11;266,234,90,800,350
BOTTOM;804;1;103,876,39,11;266,234,90,800,350
SUPPORT;11;1;103,876,39,804;266,234,90,800,350
TOP;266;0;234,90,800,350;103,876,39,804,11
JUNGLE;234;0;266,90,800,350;103,876,39,804,11
MIDDLE;90;0;266,234,800,350;103,876,39,804,11
BOTTOM;800;0;266,234,90,350;103,876,39,804,11
SUPPORT;350;0;266,234,90,800;103,876,39,804,11
TOP;54;0;56,61,81,432;799,122,84,21,89
JUNGLE;56;0;54,61,81,432;799,122,84,21,89
MIDDLE;61;0;54,56,81,432;799,122,84,21,89
BOTTOM;81;0;54,56,61,432;799,122,84,21,89
SUPPORT;432;0;54,56,61,81;799,122,84,21,89
TOP;799;1;122,84,21,89;54,56,61,81,432
JUNGLE;122;1;799,84,21,89;54,56,61,81,432
MIDDLE;84;1;799,122,21,89;54,56,61,81,432
BOTTOM;21;1;799,122,84,89;54,56,61,81,432
SUPPORT;89;1;799,122,84,21;54,56,61,81,432
TOP;36;0;887,13,18,902;266,203,163,202,78
JUNGLE;887;0;36,13,18,902;266,203,163,202,78
MIDDLE;13;0;36,887,18,902;266,203,163,202,78
BOTTOM;18;0;36,887,13,902;266,203,163,202,78
SUPPORT;902;0;36,887,13,18;266,203,163,202,78
TOP;266;1;203,163,202,78;36,887,13,18,902
JUNGLE;203;1;266,163,202,78;36,887,13,18,902
MIDDLE;163;1;266,203,202,78;36,887,13,18,902
BOTTOM;202;1;266,203,163,78;36,887,13,18,902
SUPPORT;78;1;266,203,163,202;36,887,13,18,902
TOP;23;0;131,45,21,32;58,107,103,222,37
JUNGLE;131;0;23,45,21,32;58,107,103,222,37
MIDDLE;45;0;23,131,21,32;58,107,103,222,37
BOTTOM;21;0;23,131,45,32;58,107,103,222,37
SUPPORT;32;0;23,131,45,21;58,107,103,222,37
TOP;58;1;107,103,222,37;23,131,45,21,32
JUNGLE;107;1;58,103,222,37;23,131,45,21,32
MIDDLE;103;1;58,107,222,37;23,131,45,21,32
BOTTOM;222;1;58,107,103,37;23,131,45,21,32
SUPPORT;37;1;58,107,103,222;23,131,45,21,32
TOP;86;0;60,39,50,267;14,11,1,804,350
JUNGLE;60;0;86,39,50,267;14,11,1,804,350
MIDDLE;39;0;86,60,50,267;14,11,1,804,350
BOTTOM;50;0;86,60,39,267;14,11,1,804,350
SUPPORT;267;0;86,60,39,50;14,11,1,804,350
TOP;14;1;11,1,804,350;86,60,39,50,267
JUNGLE;11;1;14,1,804,350;86,60,39,50,267
MIDDLE;1;1;14,11,804,350;86,60,39,50,267
BOTTOM;804;1;14,11,1,350;86,60,39,50,267
SUPPORT;350;1;14,11,1,804;86,60,39,50,267
TOP;58;1;120,90,136,89;106,200,238,42,143
JUNGLE;120;1;58,90,136,89;106,200,238,42,143
MIDDLE;90;1;58,120,136,89;106,200,238,42,143
BOTTOM;136;1;58,120,90,89;106,200,238,42,143
SUPPORT;89;1;58,120,90,136;106,200,238,42,143
TOP;106;0;200,238,42,143;58,120,90,136,89
JUNGLE;200;0;106,238,42,143;58,120,90,136,89
MIDDLE;238;0;106,200,42,143;58,120,90,136,89
BOTTOM;42;0;106,200,238,143;58,120,90,136,89
SUPPORT;143;0;106,200,238,42;58,120,90,136,89
TOP;10;1;234,131,67,902;34,91,240,51,16
JUNGLE;234;1;10,131,67,902;34,91,240,51,16
MIDDLE;131;1;10,234,67,902;34,91,240,51,16
BOTTOM;67;1;10,234,131,902;34,91,240,51,16
SUPPORT;902;1;10,234,131,67;34,91,240,51,16
TOP;34;0;91,240,51,16;10,234,131,67,902
JUNGLE;91;0;34,240,51,16;10,234,131,67,902
MIDDLE;240;0;34,91,51,16;10,234,131,67,902
BOTTOM;51;0;34,91,240,16;10,234,131,67,902
SUPPORT;16;0;34,91,240,51;10,234,131,67,902
TOP;114;0;233,112,50,235;23,56,136,222,43
JUNGLE;233;0;114,112,50,235;23,56,136,222,43
MIDDLE;112;0;114,233,50,235;23,56,136,222,43
BOTTOM;50;0;114,233,112,235;23,56,136,222,43
SUPPORT;235;0;114,233,112,50;23,56,136,222,43
TOP;23;1;56,136,222,43;114,233,112,50,235
JUNGLE;56;1;23,136,222,43;114,233,112,50,235
MIDDLE;136;1;23,56,222,43;114,233,112,50,235
BOTTOM;222;1;23,56,136,43;114,233,112,50,235
SUPPORT;43;1;23,56,136,222;114,233,112,50,235
TOP;83;1;238,777,523,267;904,799,517,51,99
JUNGLE;238;1;83,777,523,267;904,799,517,51,99
MIDDLE;777;1;83,238,523,267;904,799,517,51,99
BOTTOM;523;1;83,238,777,267;904,799,517,51,99
SUPPORT;267;1;83,238,777,523;904,799,517,51,99
TOP;904;0;799,517,51,99;83,238,777,523,267
JUNGLE;799;0;904,517,51,99;83,238,777,523,267
MIDDLE;517;0;904,799,51,99;83,238,777,523,267
BOTTOM;51;0;904,799,517,99;83,238,777,523,267
SUPPORT;99;0;904,799,517,51;83,238,777,523,267
TOP;39;1;234,136,51,111;36,200,26,202,555
JUNGLE;234;1;39,136,51,111;36,200,26,202,555
MIDDLE;136;1;39,234,51,111;36,200,26,202,555
BOTTOM;51;1;39,234,136,111;36,200,26,202,555
SUPPORT;111;1;39,234,136,51;36,200,26,202,555
TOP;36;0;200,26,202,555;39,234,136,51,111
JUNGLE;200;0;36,26,202,555;39,234,136,51,111
MIDDLE;26;0;36,200,202,555;39,234,136,51,111
BOTTOM;202;0;36,200,26,555;39,234,136,51,111
SUPPORT;555;0;36,200,26,202;39,234,136,51,111
TOP;223;1;254,901,910,40;67,5,39,45,117
JUNGLE;254;1;223,901,910,40;67,5,39,45,117
MIDDLE;901;1;223,254,910,40;67,5,39,45,117
BOTTOM;910;1;223,254,901,40;67,5,39,45,117
SUPPORT;40;1;223,254,901,910;67,5,39,45,117
TOP;67;0;5,39,45,117;223,254,901,910,40
JUNGLE;5;0;67,39,45,117;223,254,901,910,40
MIDDLE;39;0;67,5,45,117;223,254,901,910,40
BOTTOM;45;0;67,5,39,117;223,254,901,910,40
SUPPORT;117;0;67,5,39,45;223,254,901,910,40
TOP;6;1;76,711,22,40;39,35,84,901,16
JUNGLE;76;1;6,711,22,40;39,35,84,901,16
MIDDLE;711;1;6,76,22,40;39,35,84,901,16
BOTTOM;22;1;6,76,711,40;39,35,84,901,16
SUPPORT;40;1;6,76,711,22;39,35,84,901,16
TOP;39;0;35,84,901,16;6,76,711,22,40
JUNGLE;35;0;39,84,901,16;6,76,711,22,40
MIDDLE;84;0;39,35,901,16;6,76,711,22,40
BOTTOM;901;0;39,35,84,16;6,76,711,22,40
SUPPORT;16;0;39,35,84,901;6,76,711,22,40
TOP;86;1;876,238,119,26;904,421,950,910,432
JUNGLE;876;1;86,238,119,26;904,421,950,910,432
MIDDLE;238;1;86,876,119,26;904,421,950,910,432
BOTTOM;119;1;86,876,238,26;904,421,950,910,432
SUPPORT;26;1;86,876,238,119;904,421,950,910,432
TOP;904;0;421,950,910,432;86,876,238,119,26
JUNGLE;421;0;904,950,910,432;86,876,238,119,26
MIDDLE;950;0;904,421,910,432;86,876,238,119,26
BOTTOM;910;0;904,421,950,432;86,876,238,119,26
SUPPORT;432;0;904,421,950,910;86,876,238,119,26
TOP;6;0;143,142,119,555;85,120,54,901,111
JUNGLE;143;0;6,142,119,555;85,120,54,901,111
MIDDLE;142;0;6,143,119,555;85,120,54,901,111
BOTTOM;119;0;6,143,142,555;85,120,54,901,111
SUPPORT;555;0;6,143,142,119;85,120,54,901,111
TOP;85;1;120,54,901,111;6,143,142,119,555
JUNGLE;120;1;85,54,901,111;6,143,142,119,555
MIDDLE;54;1;85,120,901,111;6,143,142,119,555
BOTTOM;901;1;85,120,54,111;6,143,142,119,555
SUPPORT;111;1;85,120,54,901;6,143,142,119,555
TOP;223;0;35,68,901,133;10,59,893,222,80
JUNGLE;35;0;223,68,901,133;10,59,893,222,80
MIDDLE;68;0;223,35,901,133;10,59,893,222,80
BOTTOM;901;0;223,35,68,133;10,59,893,222,80
SUPPORT;133;0;223,35,68,901;10,59,893,222,80
TOP;10;1;59,893,222,80;223,35,68,901,133
JUNGLE;59;1;10,893,222,80;223,35,68,901,133
MIDDLE;893;1;10,59,222,80;223,35,68,901,133
BOTTOM;222;1;10,59,893,80;223,35,68,901,133
SUPPORT;80;1;10,59,893,222;223,35,68,901,133
TOP;19;0;887,55,360,44;8,266,777,143,40
JUNGLE;887;0;19,55,360,44;8,266,777,143,40
MIDDLE;55;0;19,887,360,44;8,266,777,143,40
BOTTOM;360;0;19,887,55,44;8,266,777,143,40
SUPPORT;44;0;19,887,55,360;8,266,777,143,40
TOP;8;1;266,777,143,40;19,887,55,360,44
JUNGLE;266;1;8,777,143,40;19,887,55,360,44
MIDDLE;777;1;8,266,143,40;19,887,55,360,44
BOTTOM;143;1;8,266,777,40;19,887,55,360,44
SUPPORT;40;1;8,266,777,143;19,887,55,360,44
TOP;897;0;20,800,51,111;36,887,13,22,201
JUNGLE;20;0;897,800,51,111;36,887,13,22,201
MIDDLE;800;0;897,20,51,111;36,887,13,22,201
BOTTOM;51;0;897,20,800,111;36,887,13,22,201
SUPPORT;111;0;897,20,800,51;36,887,13,22,201
TOP;36;1;887,13,22,201;897,20,800,51,111
JUNGLE;887;1;36,13,22,201;897,20,800,51,111
MIDDLE;13;1;36,887,22,201;897,20,800,51,111
BOTTOM;22;1;36,887,13,201;897,20,800,51,111
SUPPORT;201;1;36,887,13,22;897,20,800,51,111
TOP;516;1;104,777,55,117;24,141,112,901,16
JUNGLE;104;1;516,777,55,117;24,141,112,901,16
MIDDLE;777;1;516,104,55,117;24,141,112,901,16
BOTTOM;55;1;516,104,777,117;24,141,112,901,16
SUPPORT;117;1;516,104,777,55;24,141,112,901,16
TOP;24;0;141,112,901,16;516,104,777,55,117
JUNGLE;141;0;24,112,901,16;516,104,777,55,117
MIDDLE;112;0;24,141,901,16;516,104,777,55,117
BOTTOM;901;0;24,141,112,16;516,104,777,55,117
SUPPORT;16;0;24,141,112,901;516,104,777,55,117
TOP;39;1;517,950,202,63;58,20,34,21,25
JUNGLE;517;1;39,950,202,63;58,20,34,21,25
MIDDLE;950;1;39,517,202,63;58,20,34,21,25
BOTTOM;202;1;39,517,950,63;58,20,34,21,25
SUPPORT;63;1;39,517,950,202;58,20,34,21,25
TOP;58;0;20,34,21,25;39,517,950,202,63
JUNGLE;20;0;58,34,21,25;39,517,950,202,63
MIDDLE;34;0;58,20,21,25;39,517,950,202,63
BOTTOM;21;0;58,20,34,25;39,517,950,202,63
SUPPORT;25;0;58,20,34,21;39,517,950,202,63
TOP;799;1;104,61,51,101;8,36,105,29,147
JUNGLE;104;1;799,61,51,101;8,36,105,29,147
MIDDLE;61;1;799,104,51,101;8,36,105,29,147
BOTTOM;51;1;799,104,61,101;8,36,105,29,147
SUPPORT;101;1;799,104,61,51;8,36,105,29,147
TOP;8;0;36,105,29,147;799,104,61,51,101
JUNGLE;36;0;8,105,29,147;799,104,61,51,101
MIDDLE;105;0;8,36,29,147;799,104,61,51,101
BOTTOM;29;0;8,36,105,147;799,104,61,51,101
SUPPORT;147;0;8,36,105,29;799,104,61,51,101
TOP;887;0;36,38,901,235;24,17,7,45,412
JUNGLE;36;0;887,38,901,235;24,17,7,45,412
MIDDLE;38;0;887,36,901,235;24,17,7,45,412
BOTTOM;901;0;887,36,38,235;24,17,7,45,412
SUPPORT;235;0;887,36,38,901;24,17,7,45,412
TOP;24;1;17,7,45,412;887,36,38,901,235
JUNGLE;17;1;24,7,45,412;887,36,38,901,235
MIDDLE;7;1;24,17,45,412;887,36,38,901,235
BOTTOM;45;1;24,17,7,412;887,36,38,901,235
SUPPORT;412;1;24,17,7,45;887,36,38,901,235
TOP;420;1;32,38,81,40;24,102,127,222,16
JUNGLE;32;1;420,38,81,40;24,102,127,222,16
MIDDLE;38;1;420,32,81,40;24,102,127,222,16
BOTTOM;81;1;420,32,38,40;24,102,127,222,16
SUPPORT;40;1;420,32,38,81;24,102,127,222,16
TOP;24;0;102,127,222,16;420,32,38,81,40
JUNGLE;102;0;24,127,222,16;420,32,38,81,40
MIDDLE;127;0;24,102,222,16;420,32,38,81,40
BOTTOM;222;0;24,102,127,16;420,32,38,81,40
SUPPORT;16;0;24,102,127,222;420,32,38,81,40
TOP;799;1;64,1,21,111;80,48,34,901,432
JUNGLE;64;1;799,1,21,111;80,48,34,901,432
MIDDLE;1;1;799,64,21,111;80,48,34,901,432
BOTTOM;21;1;799,64,1,111;80,48,34,901,432
SUPPORT;111;1;799,64,1,21;80,48,34,901,432
TOP;80;0;48,34,901,432;799,64,1,21,111
JUNGLE;48;0;80,34,901,432;799,64,1,21,111
MIDDLE;34;0;80,48,901,432;799,64,1,21,111
BOTTOM;901;0;80,48,34,432;799,64,1,21,111
SUPPORT;432;0;80,48,34,901;799,64,1,21,111
TOP;122;0;131,157,18,267;33,143,10,145,111
JUNGLE;131;0;122,157,18,267;33,143,10,145,111
MIDDLE;157;0;122,131,18,267;33,143,10,145,111
BOTTOM;18;0;122,131,157,267;33,143,10,145,111
SUPPORT;267;0;122,131,157,18;33,143,10,145,111
TOP;33;1;143,10,145,111;122,131,157,18,267
JUNGLE;143;1;33,10,145,111;122,131,157,18,267
MIDDLE;10;1;33,143,145,111;122,131,157,18,267
BOTTOM;145;1;33,143,10,111;122,131,157,18,267
SUPPORT;111;1;33,143,10,145;122,131,157,18,267
TOP;164;1;107,134,63,12;54,77,55,51,143
JUNGLE;107;1;164,134,63,12;54,77,55,51,143
MIDDLE;134;1;164,107,63,12;54,77,55,51,143
BOTTOM;63;1;164,107,134,12;54,77,55,51,143
SUPPORT;12;1;164,107,134,63;54,77,55,51,143
TOP;54;0;77,55,51,143;164,107,134,63,12
JUNGLE;77;0;54,55,51,143;164,107,134,63,12
MIDDLE;55;0;54,77,51,143;164,107,134,63,12
BOTTOM;51;0;54,77,55,143;164,107,134,63,12
SUPPORT;143;0;54,77,55,51;164,107,134,63,12
TOP;85;1;102,238,21,80;122,60,54,145,43
JUNGLE;102;1;85,238,21,80;122,60,54,145,43
MIDDLE;238;1;85,102,21,80;122,60,54,145,43
BOTTOM;21;1;85,102,238,80;122,60,54,145,43
SUPPORT;80;1;85,102,238,21;122,60,54,145,43
TOP;122;0;60,54,145,43;85,102,238,21,80
JUNGLE;60;0;122,54,145,43;85,102,238,21,80
MIDDLE;54;0;122,60,145,43;85,102,238,21,80
BOTTOM;145;0;122,60,54,43;85,102,238,21,80
SUPPORT;43;0;122,60,54,145;85,102,238,21,80
TOP;114;1;904,39,236,902;98,63,157,498,267
JUNGLE;904;1;114,39,236,902;98,63,157,498,267
MIDDLE;39;1;114,904,236,902;98,63,157,498,267
BOTTOM;236;1;114,904,39,902;98,63,157,498,267
SUPPORT;902;1;114,904,39,236;98,63,157,498,267
TOP;98;0;63,157,498,267;114,904,39,236,902
JUNGLE;63;0;98,157,498,267;114,904,39,236,902
MIDDLE;157;0;98,63,498,267;114,904,39,236,902
BOTTOM;498;0;98,63,157,267;114,904,39,236,902
SUPPORT;267;0;98,63,157,498;114,904,39,236,902
TOP;122;1;106,55,110,267;904,35,131,29,555
JUNGLE;106;1;122,55,110,267;904,35,131,29,555
MIDDLE;55;1;122,106,110,267;904,35,131,29,555
BOTTOM;110;1;122,106,55,267;904,35,131,29,555
SUPPORT;267;1;122,106,55,110;904,35,131,29,555
TOP;904;0;35,131,29,555;122,106,55,110,267
JUNGLE;35;0;904,131,29,555;122,106,55,110,267
MIDDLE;131;0;904,35,29,555;122,106,55,110,267
BOTTOM;29;0;904,35,131,555;122,106,55,110,267
SUPPORT;555;0;904,35,131,29;122,106,55,110,267
